{
    "name": "root",
    "gauges": {
        "RapaGuys.Policy.Entropy.mean": {
            "value": 3.0181548595428467,
            "min": 3.0181548595428467,
            "max": 3.374624490737915,
            "count": 50
        },
        "RapaGuys.Policy.Entropy.sum": {
            "value": 60411.38671875,
            "min": 60411.38671875,
            "max": 68133.453125,
            "count": 50
        },
        "RapaGuys.Step.mean": {
            "value": 7999990.0,
            "min": 7019940.0,
            "max": 7999990.0,
            "count": 50
        },
        "RapaGuys.Step.sum": {
            "value": 7999990.0,
            "min": 7019940.0,
            "max": 7999990.0,
            "count": 50
        },
        "RapaGuys.Policy.ExtrinsicValueEstimate.mean": {
            "value": 4.2288498878479,
            "min": -4.262226581573486,
            "max": 4.2288498878479,
            "count": 50
        },
        "RapaGuys.Policy.ExtrinsicValueEstimate.sum": {
            "value": 1391.2916259765625,
            "min": -1423.583740234375,
            "max": 1391.2916259765625,
            "count": 50
        },
        "RapaGuys.Environment.EpisodeLength.mean": {
            "value": 554.8648648648649,
            "min": 426.57142857142856,
            "max": 572.8918918918919,
            "count": 50
        },
        "RapaGuys.Environment.EpisodeLength.sum": {
            "value": 20530.0,
            "min": 17423.0,
            "max": 21539.0,
            "count": 50
        },
        "RapaGuys.Environment.CumulativeReward.mean": {
            "value": 57.66035437583923,
            "min": -47.05897795572513,
            "max": 57.66035437583923,
            "count": 50
        },
        "RapaGuys.Environment.CumulativeReward.sum": {
            "value": 2133.4331119060516,
            "min": -1929.4180961847305,
            "max": 2133.4331119060516,
            "count": 50
        },
        "RapaGuys.Policy.ExtrinsicReward.mean": {
            "value": 57.66035437583923,
            "min": -47.05897795572513,
            "max": 57.66035437583923,
            "count": 50
        },
        "RapaGuys.Policy.ExtrinsicReward.sum": {
            "value": 2133.4331119060516,
            "min": -1929.4180961847305,
            "max": 2133.4331119060516,
            "count": 50
        },
        "RapaGuys.Losses.PolicyLoss.mean": {
            "value": 0.06769229836839562,
            "min": 0.06336080480541569,
            "max": 0.07424781290853086,
            "count": 50
        },
        "RapaGuys.Losses.PolicyLoss.sum": {
            "value": 0.13538459673679124,
            "min": 0.0696492583762544,
            "max": 0.14849562581706172,
            "count": 50
        },
        "RapaGuys.Losses.ValueLoss.mean": {
            "value": 17.32704158524672,
            "min": 1.5588379190613826,
            "max": 17.32704158524672,
            "count": 50
        },
        "RapaGuys.Losses.ValueLoss.sum": {
            "value": 34.65408317049344,
            "min": 3.117675838122765,
            "max": 34.65408317049344,
            "count": 50
        },
        "RapaGuys.Policy.LearningRate.mean": {
            "value": 2.4458116850625046e-07,
            "min": 2.4458116850625046e-07,
            "max": 3.711308762899999e-05,
            "count": 50
        },
        "RapaGuys.Policy.LearningRate.sum": {
            "value": 4.891623370125009e-07,
            "min": 4.891623370125009e-07,
            "max": 7.30705756432e-05,
            "count": 50
        },
        "RapaGuys.Policy.Epsilon.mean": {
            "value": 0.10008149375,
            "min": 0.10008149375,
            "max": 0.112371,
            "count": 50
        },
        "RapaGuys.Policy.Epsilon.sum": {
            "value": 0.2001629875,
            "min": 0.10362486250000001,
            "max": 0.22435680000000002,
            "count": 50
        },
        "RapaGuys.Policy.Beta.mean": {
            "value": 3.443997562500003e-05,
            "min": 3.443997562500003e-05,
            "max": 0.003720062900000001,
            "count": 50
        },
        "RapaGuys.Policy.Beta.sum": {
            "value": 6.887995125000006e-05,
            "min": 6.887995125000006e-05,
            "max": 0.007324604319999999,
            "count": 50
        },
        "RapaGuys.IsTraining.mean": {
            "value": 1.0,
            "min": 1.0,
            "max": 1.0,
            "count": 50
        },
        "RapaGuys.IsTraining.sum": {
            "value": 1.0,
            "min": 1.0,
            "max": 1.0,
            "count": 50
        }
    },
    "metadata": {
        "timer_format_version": "0.1.0",
        "start_time_seconds": "1637822252",
        "python_version": "3.7.11 (default, Jul 27 2021, 09:42:29) [MSC v.1916 64 bit (AMD64)]",
        "command_line_arguments": "C:\\Users\\TFG5076XG\\.conda\\envs\\ml\\Scripts\\mlagents-learn ./config/ppo/RapaGuys.yaml --run-id=RapaGuys_01 --resume",
        "mlagents_version": "0.27.0",
        "mlagents_envs_version": "0.27.0",
        "communication_protocol_version": "1.5.0",
        "pytorch_version": "1.10.0+cu113",
        "numpy_version": "1.21.4",
        "end_time_seconds": "1637823953"
    },
    "total": 1701.1865582,
    "count": 1,
    "self": 0.008860200000071927,
    "children": {
        "run_training.setup": {
            "total": 0.0742178,
            "count": 1,
            "self": 0.0742178
        },
        "TrainerController.start_learning": {
            "total": 1701.1034802,
            "count": 1,
            "self": 1.9022603999931107,
            "children": {
                "TrainerController._reset_env": {
                    "total": 7.6931210000000005,
                    "count": 1,
                    "self": 7.6931210000000005
                },
                "TrainerController.advance": {
                    "total": 1691.3902480000067,
                    "count": 125032,
                    "self": 2.102038599987054,
                    "children": {
                        "env_step": {
                            "total": 1246.31840330001,
                            "count": 125032,
                            "self": 775.2871237000726,
                            "children": {
                                "SubprocessEnvManager._take_step": {
                                    "total": 469.85880159998516,
                                    "count": 125032,
                                    "self": 5.517874100038114,
                                    "children": {
                                        "TorchPolicy.evaluate": {
                                            "total": 464.34092749994704,
                                            "count": 125032,
                                            "self": 105.23384109994834,
                                            "children": {
                                                "TorchPolicy.sample_actions": {
                                                    "total": 359.1070863999987,
                                                    "count": 125032,
                                                    "self": 359.1070863999987
                                                }
                                            }
                                        }
                                    }
                                },
                                "workers": {
                                    "total": 1.1724779999522745,
                                    "count": 125032,
                                    "self": 0.0,