{"count":1,"self":821.3861376,"total":9866.722584,"children":{"InitializeActuators":{"count":5,"self":0.0011411,"total":0.0011411,"children":null},"InitializeSensors":{"count":5,"self":0.0022825,"total":0.0022825,"children":null},"AgentSendState":{"count":864951,"self":481.2356608,"total":1512.4033765,"children":{"CollectObservations":{"count":4324755,"self":2.1365384,"total":2.1365383,"children":null},"WriteActionMask":{"count":4324755,"self":2.0751011999999998,"total":2.0751011,"children":null},"RequestDecision":{"count":4324755,"self":11.3679224,"total":1026.9560990999998,"children":{"AgentInfo.ToProto":{"count":4324755,"self":12.47514,"total":1015.5881764999999,"children":{"GenerateSensorData":{"count":4324755,"self":962.91768319999994,"total":1003.1130367999999,"children":{"RayPerceptionSensor.Perceive":{"count":17299020,"self":40.1953696,"total":40.19537,"children":null}}}}}}}}},"DecideAction":{"count":864951,"self":7510.8818943999995,"total":7510.8820652999993,"children":null},"AgentAct":{"count":864951,"self":21.9412016,"total":22.0436128,"children":{"AgentInfo.ToProto":{"count":430,"self":0.0021179,"total":0.1024107,"children":{"GenerateSensorData":{"count":430,"self":0.0959531,"total":0.1002928,"children":{"RayPerceptionSensor.Perceive":{"count":1720,"self":0.0043397,"total":0.0043397,"children":null}}}}}}}},"gauges":{"RapaGuys.CumulativeReward":{"count":430,"max":-29999.9258,"min":-30002.9766,"runningAverage":-30000.1074,"value":-29999.98,"weightedAverage":-29999.9746}},"metadata":{"timer_format_version":"0.1.0","start_time_seconds":"1637247489","unity_version":"2020.3.18f1","command_line_arguments":"C:\\Program Files\\2020.3.18f1\\Editor\\Unity.exe -projectPath C:\\Users\\TFG5076XG\\Desktop\\Project\\FallGuys\\FallGuys","communication_protocol_version":"1.5.0","com.unity.ml-agents_version":"2.1.0-exp.1","scene_name":"PlayMainScenes","end_time_seconds":"1637257355"}}