{
    "name": "root",
    "gauges": {
        "RapaGuys.Policy.Entropy.mean": {
            "value": 3.568652629852295,
            "min": 3.568652629852295,
            "max": 3.568652629852295,
            "count": 1
        },
        "RapaGuys.Policy.Entropy.sum": {
            "value": 36543.00390625,
            "min": 36543.00390625,
            "max": 36543.00390625,
            "count": 1
        },
        "RapaGuys.Step.mean": {
            "value": 9984.0,
            "min": 9984.0,
            "max": 9984.0,
            "count": 1
        },
        "RapaGuys.Step.sum": {
            "value": 9984.0,
            "min": 9984.0,
            "max": 9984.0,
            "count": 1
        },
        "RapaGuys.Policy.ExtrinsicValueEstimate.mean": {
            "value": -41.338829040527344,
            "min": -41.338829040527344,
            "max": -41.338829040527344,
            "count": 1
        },
        "RapaGuys.Policy.ExtrinsicValueEstimate.sum": {
            "value": -6448.857421875,
            "min": -6448.857421875,
            "max": -6448.857421875,
            "count": 1
        },
        "RapaGuys.Losses.PolicyLoss.mean": {
            "value": 0.060699167985114315,
            "min": 0.060699167985114315,
            "max": 0.060699167985114315,
            "count": 1
        },
        "RapaGuys.Losses.PolicyLoss.sum": {
            "value": 0.4248941758958002,
            "min": 0.4248941758958002,
            "max": 0.4248941758958002,
            "count": 1
        },
        "RapaGuys.Losses.ValueLoss.mean": {
            "value": 930.8292101178852,
            "min": 930.8292101178852,
            "max": 930.8292101178852,
            "count": 1
        },
        "RapaGuys.Losses.ValueLoss.sum": {
            "value": 6515.804470825196,
            "min": 6515.804470825196,
            "max": 6515.804470825196,
            "count": 1
        },
        "RapaGuys.Policy.LearningRate.mean": {
            "value": 0.0001464000512,
            "min": 0.0001464000512,
            "max": 0.0001464000512,
            "count": 1
        },
        "RapaGuys.Policy.LearningRate.sum": {
            "value": 0.0010248003584,
            "min": 0.0010248003584,
            "max": 0.0010248003584,
            "count": 1
        },
        "RapaGuys.Policy.Epsilon.mean": {
            "value": 0.14880000000000002,
            "min": 0.14880000000000002,
            "max": 0.14880000000000002,
            "count": 1
        },
        "RapaGuys.Policy.Epsilon.sum": {
            "value": 1.0416,
            "min": 1.0416,
            "max": 1.0416,
            "count": 1
        },
        "RapaGuys.Policy.Beta.mean": {
            "value": 0.014645119999999996,
            "min": 0.014645119999999996,
            "max": 0.014645119999999996,
            "count": 1
        },
        "RapaGuys.Policy.Beta.sum": {
            "value": 0.10251583999999997,
            "min": 0.10251583999999997,
            "max": 0.10251583999999997,
            "count": 1
        },
        "RapaGuys.IsTraining.mean": {
            "value": 1.0,
            "min": 1.0,
            "max": 1.0,
            "count": 1
        },
        "RapaGuys.IsTraining.sum": {
            "value": 1.0,
            "min": 1.0,
            "max": 1.0,
            "count": 1
        }
    },
    "metadata": {
        "timer_format_version": "0.1.0",
        "start_time_seconds": "1637127940",
        "python_version": "3.7.11 (default, Jul 27 2021, 09:42:29) [MSC v.1916 64 bit (AMD64)]",
        "command_line_arguments": "C:\\Users\\AFFINITY08\\.conda\\envs\\ml\\Scripts\\mlagents-learn ./config/ppo/RapaGuys.yaml --run-id=RapaGuys_03",
        "mlagents_version": "0.27.0",
        "mlagents_envs_version": "0.27.0",
        "communication_protocol_version": "1.5.0",
        "pytorch_version": "1.9.0+cu111",
        "numpy_version": "1.21.2",
        "end_time_seconds": "1637127998"
    },
    "total": 57.9410752,
    "count": 1,
    "self": 0.009897899999998572,
    "children": {
        "run_training.setup": {
            "total": 0.08352139999999997,
            "count": 1,
            "self": 0.08352139999999997
        },
        "TrainerController.start_learning": {
            "total": 57.8476559,
            "count": 1,
            "self": 0.0366171999998528,
            "children": {
                "TrainerController._reset_env": {
                    "total": 25.2707026,
                    "count": 1,
                    "self": 25.2707026
                },
                "TrainerController.advance": {
                    "total": 32.38344910000015,
                    "count": 2048,
                    "self": 0.037217100000141556,
                    "children": {
                        "env_step": {
                            "total": 27.677749800000015,
                            "count": 2048,
                            "self": 18.827648599999772,
                            "children": {
                                "SubprocessEnvManager._take_step": {
                                    "total": 8.82694720000017,
                                    "count": 2048,
                                    "self": 0.09698480000021448,
                                    "children": {
                                        "TorchPolicy.evaluate": {
                                            "total": 8.729962399999955,
                                            "count": 2048,
                                            "self": 2.296560100000093,
                                            "children": {
                                                "TorchPolicy.sample_actions": {
                                                    "total": 6.433402299999862,
                                                    "count": 2048,
                                                    "self": 6.433402299999862
                                                }
                                            }
                                        }
                                    }
                                },
                                "workers": {
                                    "total": 0.023154000000072728,
                                    "count": 2048,
                                    "self": 0.0,
                                    "children": {
                                        "worker_root": {
                                            "total": 34.10827820000017,
                                            "count": 2048,
                                            "is_parallel": true,
                                            "self": 17.336816000000155,
                                            "children": {
                                                "steps_from_proto": {
                                                    "total": 0.001219299999998924,
                                                    "count": 1,
                                                    "is_parallel": true,
                                                    "self": 0.00029490000000009786,
                                                    "children": {
                                                        "_process_rank_one_or_two_observation": {
                                                            "total": 0.0009243999999988262,
                                                            "count": 10,
                                                            "is_parallel": true,
                                                            "self": 0.0009243999999988262
                                                        }
                                                    }
                                                },
                                                "UnityEnvironment.step": {
                                                    "total": 16.770242900000017,